,Title,Category
0,"Fed official says weak data caused by weather, should not slow taper",b
1,Fed's Charles Plosser sees high bar for change in pace of tapering,b
2,US open: Stocks fall after Fed official hints at accelerated tapering,b
3,"Fed risks falling 'behind the curve', Charles Plosser says",b
4,Fed's Plosser: Nasty Weather Has Curbed Job Growth,b
5,Plosser: Fed May Have to Accelerate Tapering Pace,b
6,Fed's Plosser: Taper pace may be too slow,b
7,Fed's Plosser expects US unemployment to fall to 6.2% by the end of 2014,b
8,US jobs growth last month hit by weather:Fed President Charles Plosser,b
9,ECB unlikely to end sterilisation of SMP purchases - traders,b
10,ECB unlikely to end sterilization of SMP purchases: traders,b
11,Box Office,e
12,Box Office: 'X-Men: Days Of Future Past' Nabs $261M Worldwide Debut,e
13,Mania Box Office Report: THE FUTURE RULES,e
14,Believe it or not: Christian theme in 'X-Men',e
15,"An X-Men: Days of Future Past Review – The Sequel, Prequel, Reboot, and  ...",e
16,'X-Men: Days Of Future Past' Box Office Numbers Slay 'Godzilla' But Not The  ...,e
17,7 hours ago 'X-Men' dominates holiday box office with $91M,e
18,X-Men: Days of Future Past dominates Memorial Day weekend box office,e
19,The movie “Days of Future Past X-Men” beat the record of 1 million views that the  ...,e
20,X-Men: Days Of Future Past dominates at global box office as it rakes in  ...,e
21,Film reviews: Bryan Singer's X-Men: Days of Future Past,e
22,“X-Men: Days of Future Past” returns to familiar franchise themes,e
23,"X-Men rise above Godzilla, reaching top of box office",e
24,"Weekend Box Office Wrap Up: May 25th, 2014",e
25,'X-Men' dominates holiday box office with $91M - KWWL - Eastern Iowa Breaking  ...,e
26,'X-Men: Days of Future Past' dominates Memorial Day weekend box office with  ...,e
27,X-Men movies takes over box office records for holiday weekend,e
28,Box Office: 'X-Men: Days of Future Past' Sets Franchise Best With $262 Mil  ...,e
29,Pre-Order X-MEN: DAYS OF FUTURE PAST on Blu-ray and Score Some  ...,e
30,'X-Men: Days of Future Past' dominates holiday box office with $91 million debut  ...,e
31,"Blended Moves Past ""That's My Boy,"" ""X-Men"" Wins Box Office",e
32,Fox's 'X-Men' Sequel Topples 'Godzilla' at Weekend Box Office,e
33,"VIDEO: ""X-Men"" Gang Towers Over N. America Holiday Box Office",e
34,Colossal opening for `X-Men: Days of Future Past',e
35,X-Men: Days Of Future Past Extinction TV Spot Released,e
36,INT'L BOX OFFICE: Fan-Tastic 'X-Men' Bows …,e
37,'X-Men: Days of Future Past' Dominates Holiday Box Office with $91 Million,e
38,3 reasons why 'X-Men: Days of Future Past' is the best X-Men movie yet,e
39,X-Men gang towers over North America holiday box office,e
40,'X-Men' Slays 'Godzilla' While 'Blended' Bombs At Box Office,e
41,"When X-MEN: DOFP ""Un-nuked The Fridge""?",e
42,When X-MEN: DOFP “Un-nuked The Fridge”?,t
43,IBM to make big data accessible to users via cloud,t
44,"IBM Bolsters Storage Play, Ups x86 Hardware Portfolio",t
45,62% to shell out more for IT infrastructure: IBM study,t
46,"IBM: Cheap, But The Chart And Cloud Exposure Are Concerning",t
47,"IBM Launches New Storage, Systems Offerings for Cloud, Big Data",t
48,IBM Unveils Software Defined Storage For Big Data Era,t
49,IBM Unveils Software Defined Storage Technology for Era of Big Data,t
50,"GM recalls another 2.4 million for belts, bags, more",t
51,Parade of GM recalls rolls on,t
52,Parade of GM recalls rolls on,t
53,GM Recalls Another 2.6 Million Vehicles,t
54,GM issues new recall for 2.42 million vehicles,b
55,"GM Recalls Another 2.4 Mln Vehicles, Sees Addl. Q2 Charge Of $200 Mln",t
56,GM recalls 2.4 million more vehicles,t
57,GM Recalls Hit Lansing Hard,t
58,General Motors recall parade rolls on with 2.4 million more vehicles,t
59,GM recalls 2.59 million vehicles worldwide,t
60,"GM recalls another 2.4M vehicles for belts, bags, more",t
61,Business update: Parade of GM recalls rolls on,b
62,GM keeps recalling vehicles,t
63,More GM recalls,t
64,10 largest GM recalls this year,t
